{
  "precision": 0.0,
  "recall": 0.0,
  "f1_score": 0.0,
  "graph_density": 0.029239766081871343,
  "avg_node_degree": 1.0526315789473684,
  "coverage": 1.0,
  "connectivity": 0.15789473684210525,
  "avg_confidence": 0.7,
  "high_confidence_ratio": 0.0,
  "total_triples": 10,
  "unique_entities": 19,
  "total_relations": 2
}